{"Title": "Rainbow", "Number of Episodes": 1764, "Reward": {"Total": 13466159.697593272, "Max": 9894.944422125815, "Min": 0.0, "Mean": 7633.877379588022, "Median": 9862.52777543664, "Std Dev": 3438.157111280586, "Variance": 11820924.321849262}, "Timesteps": {"Total": 997577.0, "Max": 4500.0, "Min": 70.0, "Mean": 565.5198412698413, "Median": 550.0, "Std Dev": 589.7909828601676, "Variance": 347853.4034631625}}