{"Title": "00% Exploit Bias", "Number of Episodes": 1628, "Reward": {"Total": 7400080.3497443795, "Max": 9886.83327537775, "Min": 643.1281594634056, "Mean": 4545.503900334385, "Median": 3642.4957740306854, "Std Dev": 3301.0750580026397, "Variance": 10897096.538567131}, "Timesteps": {"Total": 997960.0, "Max": 3890.0, "Min": 66.0, "Mean": 612.997542997543, "Median": 409.0, "Std Dev": 598.4539926420941, "Variance": 358147.1813092637}}