{"Title": "PPO2", "Number of Episodes": 1142, "Reward": {"Total": 7803631.265204012, "Max": 9897.611046016216, "Min": 588.1112981438638, "Mean": 6833.302333803864, "Median": 9414.08331605792, "Std Dev": 3291.6899040319245, "Variance": 10835222.4243057}, "Timesteps": {"Total": 998668.0, "Max": 4500.0, "Min": 68.0, "Mean": 874.4903677758318, "Median": 489.0, "Std Dev": 1184.384426287467, "Variance": 1402766.4692322921}}